Время;Ошибки;Давление, кПа;Температура,°С;Влажность, %RH
26.06.2024 16:31:30;896;99.4;29.3;36.1
26.06.2024 16:31:32;896;99.4;29.3;36.5
26.06.2024 16:31:33;896;99.4;29.3;36.8
26.06.2024 16:31:34;896;99.4;29.3;37.1
26.06.2024 16:31:35;896;99.4;29.3;37.5
26.06.2024 16:31:36;896;99.4;29.3;37.7
26.06.2024 16:31:37;896;99.4;29.3;37.5
26.06.2024 16:31:38;896;99.4;29.3;37.2
26.06.2024 16:31:39;896;99.4;29.3;37.2
26.06.2024 16:31:40;896;99.4;29.3;37.2
26.06.2024 16:31:41;896;99.4;29.3;37.0
26.06.2024 16:31:42;896;99.4;29.3;36.8
26.06.2024 16:31:43;896;99.4;29.3;36.5
26.06.2024 16:31:44;896;99.4;29.3;36.2
26.06.2024 16:31:45;896;99.4;29.4;35.9
26.06.2024 16:31:46;896;99.4;29.4;35.8
26.06.2024 16:31:47;896;99.4;29.4;35.5
26.06.2024 16:31:48;896;99.4;29.4;35.5
26.06.2024 16:31:49;896;99.4;29.4;35.6
26.06.2024 16:31:50;896;99.4;29.4;35.7
26.06.2024 16:31:51;896;99.4;29.4;35.9
26.06.2024 16:31:52;896;99.4;29.4;36.0
26.06.2024 16:31:53;896;99.4;29.4;35.9
26.06.2024 16:31:54;896;99.4;29.4;35.7
26.06.2024 16:31:56;896;99.4;29.4;35.4
26.06.2024 16:31:57;896;99.4;29.4;35.2
26.06.2024 16:31:58;896;99.4;29.4;35.2
26.06.2024 16:31:59;896;99.4;29.4;35.1
26.06.2024 16:32:00;896;99.4;29.4;34.9
26.06.2024 16:32:01;896;99.4;29.4;34.9
26.06.2024 16:32:02;896;99.4;29.4;34.8
26.06.2024 16:32:03;896;99.4;29.4;34.8
26.06.2024 16:32:04;896;99.4;29.4;34.9
26.06.2024 16:32:05;896;99.4;29.4;34.9
26.06.2024 16:32:06;896;99.4;29.4;34.9
26.06.2024 16:32:07;896;99.4;29.4;35.0
26.06.2024 16:32:08;896;99.4;29.4;34.9
26.06.2024 16:32:09;896;99.4;29.4;34.8
26.06.2024 16:32:10;896;99.4;29.4;34.8
26.06.2024 16:32:11;896;99.4;29.4;34.7
26.06.2024 16:32:12;896;99.4;29.4;34.9
26.06.2024 16:32:13;896;99.4;29.4;35.4
26.06.2024 16:32:14;896;99.4;29.4;35.6
26.06.2024 16:32:15;896;99.4;29.4;35.7
26.06.2024 16:32:16;896;99.4;29.4;35.6
26.06.2024 16:32:17;896;99.4;29.4;35.6
26.06.2024 16:32:18;896;99.4;29.4;35.7
26.06.2024 16:32:19;896;99.4;29.4;35.7
26.06.2024 16:32:20;896;99.4;29.4;35.7
26.06.2024 16:32:22;896;99.4;29.4;35.6
26.06.2024 16:32:23;896;99.4;29.4;35.6
26.06.2024 16:32:24;896;99.4;29.4;35.5
26.06.2024 16:32:25;896;99.4;29.4;35.4
26.06.2024 16:32:26;896;99.4;29.4;35.3
26.06.2024 16:32:27;896;99.4;29.4;35.2
26.06.2024 16:32:28;896;99.4;29.4;35.0
26.06.2024 16:32:29;896;99.4;29.4;34.9
26.06.2024 16:32:30;896;99.4;29.4;34.9
26.06.2024 16:32:31;896;99.4;29.4;34.8
26.06.2024 16:32:32;896;99.4;29.3;34.7
26.06.2024 16:32:33;896;99.4;29.3;34.6
26.06.2024 16:32:34;896;99.4;29.3;34.6
26.06.2024 16:32:35;896;99.4;29.4;34.5
26.06.2024 16:32:36;896;99.4;29.4;34.5
26.06.2024 16:32:37;896;99.4;29.4;34.6
26.06.2024 16:32:38;896;99.4;29.4;34.5
26.06.2024 16:32:39;896;99.4;29.4;34.6
26.06.2024 16:32:40;896;99.4;29.4;34.6
26.06.2024 16:32:41;896;99.4;29.4;34.7
26.06.2024 16:32:42;896;99.4;29.4;34.7
26.06.2024 16:32:43;896;99.4;29.4;34.7
26.06.2024 16:32:44;896;99.4;29.4;34.7
26.06.2024 16:32:45;896;99.4;29.4;34.7
26.06.2024 16:32:47;896;99.4;29.4;34.7
26.06.2024 16:32:48;896;99.4;29.4;34.7
26.06.2024 16:32:49;896;99.4;29.4;34.7
26.06.2024 16:32:50;896;99.4;29.4;34.7
26.06.2024 16:32:51;896;99.4;29.4;34.8
26.06.2024 16:32:52;896;99.4;29.4;34.9
26.06.2024 16:32:53;896;99.4;29.4;35.0
26.06.2024 16:32:54;896;99.4;29.4;35.0
26.06.2024 16:32:55;896;99.4;29.4;35.1
26.06.2024 16:32:56;896;99.4;29.4;35.2
26.06.2024 16:32:57;896;99.4;29.4;35.4
26.06.2024 16:32:58;896;99.4;29.4;35.5
26.06.2024 16:32:59;896;99.4;29.4;35.6
26.06.2024 16:33:00;896;99.4;29.4;35.5
26.06.2024 16:33:01;896;99.4;29.4;35.4
26.06.2024 16:33:02;896;99.4;29.4;35.3
26.06.2024 16:33:03;896;99.4;29.4;35.3
26.06.2024 16:33:04;896;99.4;29.4;35.2
26.06.2024 16:33:05;896;99.4;29.4;35.1
26.06.2024 16:33:06;896;99.4;29.4;35.0
26.06.2024 16:33:07;896;99.4;29.4;35.0
26.06.2024 16:33:08;896;99.4;29.4;34.9
26.06.2024 16:33:09;896;99.4;29.3;34.8
26.06.2024 16:33:11;896;99.4;29.4;34.7
26.06.2024 16:33:12;896;99.4;29.3;34.7
26.06.2024 16:33:13;896;99.4;29.3;34.6
26.06.2024 16:33:14;896;99.4;29.3;34.5
26.06.2024 16:33:15;896;99.4;29.3;34.5
26.06.2024 16:33:16;896;99.4;29.3;34.4
26.06.2024 16:33:17;896;99.4;29.3;34.4
26.06.2024 16:33:18;896;99.4;29.3;34.4
26.06.2024 16:33:19;896;99.4;29.3;34.3
26.06.2024 16:33:20;896;99.4;29.3;34.3
26.06.2024 16:33:21;896;99.4;29.3;34.3
26.06.2024 16:33:22;896;99.4;29.3;34.3
26.06.2024 16:33:23;896;99.4;29.3;34.4
26.06.2024 16:33:24;896;99.4;29.3;34.4
26.06.2024 16:33:25;896;99.4;29.3;34.3
26.06.2024 16:33:26;896;99.4;29.3;34.3
26.06.2024 16:33:27;896;99.4;29.3;34.4
26.06.2024 16:33:28;896;99.4;29.3;34.3
26.06.2024 16:33:29;896;99.4;29.3;34.3
26.06.2024 16:33:30;896;99.4;29.3;34.3
26.06.2024 16:33:31;896;99.4;29.3;34.4
26.06.2024 16:33:32;896;99.4;29.3;34.5
26.06.2024 16:33:33;896;99.4;29.3;34.5
26.06.2024 16:33:34;896;99.4;29.3;34.5
26.06.2024 16:33:36;896;99.4;29.3;34.5
26.06.2024 16:33:37;896;99.4;29.3;34.5
26.06.2024 16:33:38;896;99.4;29.3;34.6
26.06.2024 16:33:39;896;99.4;29.3;34.6
26.06.2024 16:33:40;896;99.4;29.3;34.6
26.06.2024 16:33:41;896;99.4;29.3;34.6
26.06.2024 16:33:42;896;99.4;29.3;34.6
26.06.2024 16:33:43;896;99.4;29.3;34.7
26.06.2024 16:33:44;896;99.4;29.3;35.0
26.06.2024 16:33:45;896;99.4;29.3;35.3
26.06.2024 16:33:46;896;99.4;29.3;35.6
26.06.2024 16:33:47;896;99.4;29.3;35.7
26.06.2024 16:33:48;896;99.4;29.3;35.8
26.06.2024 16:33:49;896;99.4;29.3;35.9
26.06.2024 16:33:50;896;99.4;29.3;35.9
26.06.2024 16:33:51;896;99.4;29.3;35.8
26.06.2024 16:33:52;896;99.4;29.3;35.7
26.06.2024 16:33:53;896;99.4;29.3;35.5
26.06.2024 16:33:54;896;99.4;29.3;35.4
26.06.2024 16:33:55;896;99.4;29.3;35.3
26.06.2024 16:33:56;896;99.4;29.3;35.3
26.06.2024 16:33:57;896;99.4;29.3;35.4
26.06.2024 16:33:58;896;99.4;29.3;35.4
26.06.2024 16:34:00;896;99.4;29.3;35.5
26.06.2024 16:34:01;896;99.4;29.3;35.5
26.06.2024 16:34:02;896;99.4;29.3;35.4
26.06.2024 16:34:03;896;99.4;29.3;35.3
26.06.2024 16:34:04;896;99.4;29.3;35.2
26.06.2024 16:34:05;896;99.4;29.3;35.1
26.06.2024 16:34:06;896;99.4;29.3;35.0
26.06.2024 16:34:07;896;99.4;29.3;35.0
26.06.2024 16:34:08;896;99.4;29.3;35.2
26.06.2024 16:34:09;896;99.4;29.3;35.2
26.06.2024 16:34:10;896;99.4;29.4;35.3
26.06.2024 16:34:11;896;99.4;29.3;35.4
26.06.2024 16:34:12;896;99.4;29.3;35.4
26.06.2024 16:34:13;896;99.4;29.4;35.4
26.06.2024 16:34:14;896;99.4;29.3;35.4
26.06.2024 16:34:15;896;99.4;29.4;35.2
26.06.2024 16:34:16;896;99.4;29.4;35.1
26.06.2024 16:34:17;896;99.4;29.4;34.9
26.06.2024 16:34:18;896;99.4;29.4;34.8
26.06.2024 16:34:19;896;99.4;29.4;34.7
26.06.2024 16:34:20;896;99.4;29.4;34.6
26.06.2024 16:34:21;896;99.4;29.4;34.5
26.06.2024 16:34:22;896;99.4;29.4;34.5
26.06.2024 16:34:23;896;99.4;29.4;34.4
26.06.2024 16:34:25;896;99.4;29.4;34.3
26.06.2024 16:34:26;896;99.4;29.4;34.3
26.06.2024 16:34:27;896;99.4;29.4;34.3
26.06.2024 16:34:28;896;99.4;29.4;34.2
26.06.2024 16:34:29;896;99.4;29.4;34.2
26.06.2024 16:34:30;896;99.4;29.4;34.2
26.06.2024 16:34:31;896;99.4;29.4;34.2
26.06.2024 16:34:32;896;99.4;29.4;34.2
26.06.2024 16:34:33;896;99.4;29.4;34.2
26.06.2024 16:34:34;896;99.4;29.4;34.3
26.06.2024 16:34:35;896;99.4;29.4;34.3
26.06.2024 16:34:36;896;99.4;29.4;34.3
26.06.2024 16:34:37;896;99.4;29.4;34.4
26.06.2024 16:34:38;896;99.4;29.4;34.4
26.06.2024 16:34:39;896;99.4;29.4;34.3
26.06.2024 16:34:40;896;99.4;29.4;34.3
26.06.2024 16:34:41;896;99.4;29.4;34.2
26.06.2024 16:34:42;896;99.4;29.4;34.2
26.06.2024 16:34:43;896;99.4;29.4;34.2
26.06.2024 16:34:44;896;99.4;29.4;34.2
26.06.2024 16:34:45;896;99.4;29.4;34.2
26.06.2024 16:34:46;896;99.4;29.4;34.2
26.06.2024 16:34:47;896;99.4;29.4;34.3
26.06.2024 16:34:48;896;99.4;29.4;34.3
26.06.2024 16:34:50;896;99.4;29.4;34.3
26.06.2024 16:34:51;896;99.4;29.4;34.3
26.06.2024 16:34:52;896;99.4;29.4;34.3
26.06.2024 16:34:53;896;99.4;29.4;34.3
26.06.2024 16:34:54;896;99.4;29.4;34.3
26.06.2024 16:34:55;896;99.4;29.5;34.3
26.06.2024 16:34:56;896;99.4;29.4;34.3
26.06.2024 16:34:57;896;99.4;29.5;34.3
26.06.2024 16:34:58;896;99.4;29.5;34.3
26.06.2024 16:34:59;896;99.4;29.4;34.3
26.06.2024 16:35:00;896;99.4;29.5;34.3
26.06.2024 16:35:01;896;99.4;29.5;34.3
26.06.2024 16:35:02;896;99.4;29.5;34.3
26.06.2024 16:35:03;896;99.4;29.5;34.3
26.06.2024 16:35:04;896;99.4;29.5;34.4
26.06.2024 16:35:05;896;99.4;29.5;34.4
26.06.2024 16:35:06;896;99.4;29.5;34.4
26.06.2024 16:35:07;896;99.4;29.5;34.5
26.06.2024 16:35:08;896;99.4;29.5;34.6
26.06.2024 16:35:09;896;99.4;29.5;34.8
26.06.2024 16:35:10;896;99.4;29.5;35.0
26.06.2024 16:35:11;896;99.4;29.5;35.3
26.06.2024 16:35:12;896;99.4;29.5;35.4
26.06.2024 16:35:14;896;99.4;29.5;35.4
26.06.2024 16:35:15;896;99.4;29.5;35.4
26.06.2024 16:35:16;896;99.4;29.5;35.3
26.06.2024 16:35:17;896;99.4;29.5;35.2
26.06.2024 16:35:18;896;99.4;29.5;35.1
26.06.2024 16:35:19;896;99.4;29.5;35.0
26.06.2024 16:35:20;896;99.4;29.5;34.9
26.06.2024 16:35:21;896;99.4;29.5;34.8
26.06.2024 16:35:22;896;99.4;29.5;34.6
26.06.2024 16:35:23;896;99.4;29.5;34.5
26.06.2024 16:35:24;896;99.4;29.5;34.4
26.06.2024 16:35:25;896;99.4;29.5;34.4
26.06.2024 16:35:26;896;99.4;29.5;34.3
26.06.2024 16:35:27;896;99.4;29.5;34.2
26.06.2024 16:35:28;896;99.4;29.5;34.2
26.06.2024 16:35:29;896;99.4;29.5;34.1
26.06.2024 16:35:30;896;99.4;29.5;34.1
26.06.2024 16:35:31;896;99.4;29.5;34.0
26.06.2024 16:35:32;896;99.4;29.5;34.0
26.06.2024 16:35:33;896;99.4;29.5;33.9
26.06.2024 16:35:34;896;99.4;29.6;33.9
26.06.2024 16:35:35;896;99.4;29.6;33.9
26.06.2024 16:35:36;896;99.4;29.6;33.9
26.06.2024 16:35:37;896;99.4;29.6;33.9
26.06.2024 16:35:39;896;99.4;29.6;33.8
26.06.2024 16:35:40;896;99.4;29.6;33.8
26.06.2024 16:35:41;896;99.4;29.6;33.8
26.06.2024 16:35:42;896;99.4;29.6;33.8
26.06.2024 16:35:43;896;99.4;29.6;33.8
26.06.2024 16:35:44;896;99.4;29.6;33.8
26.06.2024 16:35:45;896;99.4;29.6;33.8
26.06.2024 16:35:46;896;99.3;29.6;33.9
26.06.2024 16:35:47;896;99.4;29.6;33.9
26.06.2024 16:35:48;896;99.4;29.6;34.0
26.06.2024 16:35:49;896;99.4;29.6;34.0
26.06.2024 16:35:50;896;99.4;29.6;34.1
26.06.2024 16:35:51;896;99.4;29.6;34.1
26.06.2024 16:35:52;896;99.4;29.5;34.1
26.06.2024 16:35:53;896;99.4;29.6;34.1
26.06.2024 16:35:54;896;99.4;29.6;34.1
26.06.2024 16:35:55;896;99.4;29.6;34.1
26.06.2024 16:35:56;896;99.4;29.6;34.1
26.06.2024 16:35:57;896;99.4;29.6;34.0
26.06.2024 16:35:58;896;99.4;29.6;34.0
26.06.2024 16:35:59;896;99.4;29.6;34.0
26.06.2024 16:36:00;896;99.4;29.6;34.1
26.06.2024 16:36:01;896;99.4;29.6;34.5
26.06.2024 16:36:03;896;99.4;29.6;34.8
26.06.2024 16:36:04;896;99.4;29.6;34.8
26.06.2024 16:36:05;896;99.4;29.6;34.7
26.06.2024 16:36:06;896;99.4;29.6;34.6
26.06.2024 16:36:07;896;99.4;29.6;34.5
26.06.2024 16:36:08;896;99.4;29.6;34.4
26.06.2024 16:36:09;896;99.4;29.6;34.5
26.06.2024 16:36:10;896;99.4;29.6;34.8
26.06.2024 16:36:11;896;99.4;29.6;35.2
26.06.2024 16:36:12;896;99.4;29.5;35.8
26.06.2024 16:36:13;896;99.4;29.6;36.0
26.06.2024 16:36:14;896;99.4;29.6;36.1
26.06.2024 16:36:15;896;99.4;29.6;36.1
26.06.2024 16:36:16;896;99.4;29.6;36.0
26.06.2024 16:36:17;896;99.4;29.6;35.8
26.06.2024 16:36:18;896;99.4;29.6;35.5
26.06.2024 16:36:19;896;99.4;29.6;35.2
26.06.2024 16:36:20;896;99.4;29.6;34.9
26.06.2024 16:36:21;896;99.4;29.6;34.8
26.06.2024 16:36:22;896;99.4;29.6;34.6
26.06.2024 16:36:23;896;99.4;29.6;34.5
26.06.2024 16:36:24;896;99.4;29.6;34.3
26.06.2024 16:36:26;896;99.4;29.6;34.3
26.06.2024 16:36:27;896;99.4;29.6;34.3
26.06.2024 16:36:28;896;99.4;29.6;34.4
26.06.2024 16:36:29;896;99.4;29.6;34.4
26.06.2024 16:36:30;896;99.4;29.6;34.3
26.06.2024 16:36:31;896;99.4;29.6;34.3
26.06.2024 16:36:32;896;99.4;29.6;34.3
26.06.2024 16:36:33;896;99.4;29.6;34.3
26.06.2024 16:36:34;896;99.4;29.6;34.3
26.06.2024 16:36:35;896;99.4;29.6;34.3
26.06.2024 16:36:36;896;99.4;29.6;34.3
26.06.2024 16:36:37;896;99.4;29.6;34.2
26.06.2024 16:36:38;896;99.4;29.6;34.3
26.06.2024 16:36:39;896;99.4;29.6;34.2
26.06.2024 16:36:40;896;99.4;29.6;34.2
26.06.2024 16:36:41;896;99.4;29.5;34.2
26.06.2024 16:36:42;896;99.4;29.5;34.3
26.06.2024 16:36:43;896;99.4;29.5;34.5
26.06.2024 16:36:44;896;99.4;29.5;34.5
26.06.2024 16:36:45;896;99.4;29.5;34.5
26.06.2024 16:36:46;896;99.4;29.5;34.5
26.06.2024 16:36:47;896;99.4;29.5;34.6
26.06.2024 16:36:48;896;99.4;29.5;34.7
26.06.2024 16:36:49;896;99.4;29.5;34.8
26.06.2024 16:36:50;896;99.4;29.5;34.7
26.06.2024 16:36:52;896;99.4;29.5;34.6
26.06.2024 16:36:53;896;99.4;29.5;34.5
26.06.2024 16:36:54;896;99.4;29.5;34.6
26.06.2024 16:36:55;896;99.4;29.5;34.7
26.06.2024 16:36:56;896;99.4;29.5;34.8
26.06.2024 16:36:57;896;99.4;29.5;34.8
26.06.2024 16:36:58;896;99.4;29.5;34.8
26.06.2024 16:36:59;896;99.4;29.5;34.7
26.06.2024 16:37:00;896;99.4;29.5;34.7
26.06.2024 16:37:01;896;99.4;29.5;34.6
26.06.2024 16:37:02;896;99.4;29.5;34.5
26.06.2024 16:37:03;896;99.4;29.5;34.5
26.06.2024 16:37:04;896;99.4;29.5;34.4
26.06.2024 16:37:05;896;99.4;29.5;34.4
26.06.2024 16:37:06;896;99.4;29.6;34.4
26.06.2024 16:37:07;896;99.4;29.6;34.4
26.06.2024 16:37:08;896;99.4;29.6;34.4
26.06.2024 16:37:09;896;99.4;29.6;34.5
26.06.2024 16:37:10;896;99.4;29.6;34.5
26.06.2024 16:37:11;896;99.4;29.6;34.5
26.06.2024 16:37:12;896;99.4;29.6;34.4
26.06.2024 16:37:13;896;99.4;29.6;34.4
26.06.2024 16:37:15;896;99.4;29.6;34.3
26.06.2024 16:37:16;896;99.4;29.6;34.2
26.06.2024 16:37:17;896;99.4;29.6;34.1
26.06.2024 16:37:18;896;99.4;29.6;34.0
26.06.2024 16:37:19;896;99.4;29.6;34.0
26.06.2024 16:37:20;896;99.4;29.6;33.9
26.06.2024 16:37:21;896;99.4;29.6;33.8
26.06.2024 16:37:22;896;99.4;29.6;33.8
26.06.2024 16:37:23;896;99.4;29.6;33.8
26.06.2024 16:37:24;896;99.4;29.6;33.9
26.06.2024 16:37:25;896;99.4;29.6;33.9
26.06.2024 16:37:26;896;99.4;29.6;33.9
26.06.2024 16:37:27;896;99.4;29.6;34.0
26.06.2024 16:37:28;896;99.4;29.6;34.0
26.06.2024 16:37:29;896;99.4;29.6;34.0
26.06.2024 16:37:30;896;99.4;29.6;34.0
26.06.2024 16:37:31;896;99.4;29.6;34.0
26.06.2024 16:37:32;896;99.4;29.6;34.1
26.06.2024 16:37:33;896;99.4;29.6;34.1
26.06.2024 16:37:34;896;99.4;29.6;34.2
26.06.2024 16:37:35;896;99.4;29.6;34.2
26.06.2024 16:37:36;896;99.4;29.6;34.2
26.06.2024 16:37:37;896;99.4;29.6;34.1
26.06.2024 16:37:39;896;99.4;29.6;34.1
26.06.2024 16:37:40;896;99.4;29.5;34.0
26.06.2024 16:37:41;896;99.4;29.6;33.9
26.06.2024 16:37:42;896;99.4;29.5;33.9
26.06.2024 16:37:43;896;99.4;29.5;33.9
26.06.2024 16:37:44;896;99.4;29.5;33.8
26.06.2024 16:37:45;896;99.4;29.5;33.8
26.06.2024 16:37:46;896;99.4;29.5;33.8
26.06.2024 16:37:47;896;99.4;29.5;33.8
26.06.2024 16:37:48;896;99.4;29.5;33.8
26.06.2024 16:37:49;896;99.4;29.5;33.8
26.06.2024 16:37:50;896;99.4;29.5;33.8
26.06.2024 16:37:51;896;99.4;29.5;33.8
26.06.2024 16:37:52;896;99.4;29.5;33.7
26.06.2024 16:37:53;896;99.4;29.5;33.7
26.06.2024 16:37:54;896;99.4;29.5;33.7
26.06.2024 16:37:55;896;99.4;29.5;33.8
26.06.2024 16:37:56;896;99.4;29.5;33.8
26.06.2024 16:37:57;896;99.4;29.6;33.8
26.06.2024 16:37:58;896;99.4;29.6;33.8
26.06.2024 16:37:59;896;99.4;29.6;33.9
26.06.2024 16:38:00;896;99.4;29.6;33.9
26.06.2024 16:38:01;896;99.4;29.6;33.9
26.06.2024 16:38:03;896;99.4;29.6;33.9
26.06.2024 16:38:04;896;99.4;29.5;33.9
26.06.2024 16:38:05;896;99.4;29.6;33.9
26.06.2024 16:38:06;896;99.4;29.6;33.9
26.06.2024 16:38:07;896;99.4;29.6;33.9
26.06.2024 16:38:08;896;99.4;29.6;33.9
26.06.2024 16:38:09;896;99.4;29.6;33.9
26.06.2024 16:38:10;896;99.4;29.6;33.9
26.06.2024 16:38:11;896;99.4;29.6;33.9
26.06.2024 16:38:12;896;99.4;29.6;33.9
26.06.2024 16:38:13;896;99.4;29.6;33.8
26.06.2024 16:38:14;896;99.4;29.6;33.8
26.06.2024 16:38:15;896;99.4;29.6;33.8
26.06.2024 16:38:16;896;99.4;29.6;33.8
26.06.2024 16:38:17;896;99.4;29.6;33.8
26.06.2024 16:38:18;896;99.4;29.6;33.7
26.06.2024 16:38:19;896;99.4;29.6;33.7
26.06.2024 16:38:20;896;99.4;29.6;33.7
26.06.2024 16:38:21;896;99.4;29.6;33.7
26.06.2024 16:38:22;896;99.4;29.6;33.7
26.06.2024 16:38:23;896;99.4;29.6;33.7
26.06.2024 16:38:24;896;99.4;29.5;33.7
26.06.2024 16:38:26;896;99.4;29.5;33.7
26.06.2024 16:38:27;896;99.4;29.6;33.7
26.06.2024 16:38:28;896;99.4;29.5;33.8
26.06.2024 16:38:29;896;99.4;29.5;33.8
26.06.2024 16:38:30;896;99.4;29.6;33.8
26.06.2024 16:38:31;896;99.4;29.6;33.8
26.06.2024 16:38:32;896;99.4;29.6;33.9
26.06.2024 16:38:33;896;99.4;29.6;33.8
26.06.2024 16:38:34;896;99.4;29.6;33.9
26.06.2024 16:38:35;896;99.4;29.6;33.8
26.06.2024 16:38:36;896;99.4;29.6;33.8
26.06.2024 16:38:37;896;99.4;29.6;33.8
26.06.2024 16:38:38;896;99.4;29.6;33.8
26.06.2024 16:38:39;896;99.4;29.6;33.8
26.06.2024 16:38:40;896;99.4;29.6;33.8
26.06.2024 16:38:41;896;99.4;29.6;33.8
26.06.2024 16:38:42;896;99.4;29.6;33.7
26.06.2024 16:38:43;896;99.4;29.6;33.7
26.06.2024 16:38:44;896;99.4;29.6;33.7
26.06.2024 16:38:45;896;99.4;29.6;33.8
26.06.2024 16:38:46;896;99.4;29.6;33.8
26.06.2024 16:38:47;896;99.4;29.6;33.8
26.06.2024 16:38:48;896;99.4;29.6;33.8
26.06.2024 16:38:49;896;99.4;29.6;33.8
26.06.2024 16:38:51;896;99.4;29.6;33.8
26.06.2024 16:38:52;896;99.4;29.6;33.8
26.06.2024 16:38:53;896;99.4;29.6;33.8
26.06.2024 16:38:54;896;99.4;29.6;33.8
26.06.2024 16:38:55;896;99.4;29.6;33.8
26.06.2024 16:38:56;896;99.4;29.6;33.8
26.06.2024 16:38:57;896;99.4;29.6;33.8
26.06.2024 16:38:58;896;99.4;29.6;33.7
26.06.2024 16:38:59;896;99.4;29.6;33.7
26.06.2024 16:39:00;896;99.4;29.6;33.7
26.06.2024 16:39:01;896;99.4;29.6;33.6
26.06.2024 16:39:02;896;99.4;29.6;33.6
26.06.2024 16:39:03;896;99.4;29.6;33.6
26.06.2024 16:39:04;896;99.4;29.6;33.6
26.06.2024 16:39:05;896;99.4;29.6;33.6
26.06.2024 16:39:06;896;99.4;29.6;33.5
26.06.2024 16:39:07;896;99.4;29.6;33.5
26.06.2024 16:39:08;896;99.4;29.6;33.5
26.06.2024 16:39:09;896;99.4;29.6;33.5
26.06.2024 16:39:10;896;99.4;29.6;33.4
26.06.2024 16:39:11;896;99.4;29.6;33.4
26.06.2024 16:39:12;896;99.4;29.6;33.4
26.06.2024 16:39:14;896;99.4;29.6;33.4
26.06.2024 16:39:15;896;99.4;29.6;33.4
26.06.2024 16:39:16;896;99.4;29.6;33.4
26.06.2024 16:39:17;896;99.4;29.6;33.4
26.06.2024 16:39:18;896;99.4;29.6;33.4
26.06.2024 16:39:19;896;99.4;29.6;33.4
26.06.2024 16:39:20;896;99.4;29.6;33.4
26.06.2024 16:39:21;896;99.4;29.6;33.3
26.06.2024 16:39:22;896;99.4;29.6;33.3
26.06.2024 16:39:23;896;99.4;29.6;33.3
26.06.2024 16:39:24;896;99.4;29.6;33.3
26.06.2024 16:39:25;896;99.4;29.6;33.3
26.06.2024 16:39:26;896;99.4;29.6;33.3
26.06.2024 16:39:27;896;99.4;29.6;33.3
26.06.2024 16:39:28;896;99.4;29.6;33.3
26.06.2024 16:39:29;896;99.4;29.6;33.3
26.06.2024 16:39:30;896;99.4;29.6;33.3
26.06.2024 16:39:31;896;99.4;29.6;33.3
26.06.2024 16:39:32;896;99.4;29.6;33.3
26.06.2024 16:39:33;896;99.4;29.6;33.3
26.06.2024 16:39:34;896;99.4;29.6;33.3
26.06.2024 16:39:35;896;99.4;29.6;33.3
26.06.2024 16:39:36;896;99.4;29.6;33.3
26.06.2024 16:39:37;896;99.4;29.6;33.3
26.06.2024 16:39:38;896;99.4;29.6;33.3
26.06.2024 16:39:40;896;99.4;29.6;33.3
26.06.2024 16:39:41;896;99.4;29.6;33.3
26.06.2024 16:39:42;896;99.4;29.6;33.3
26.06.2024 16:39:43;896;99.4;29.6;33.3
26.06.2024 16:39:44;896;99.4;29.6;33.3
26.06.2024 16:39:45;896;99.4;29.6;33.3
26.06.2024 16:39:46;896;99.4;29.6;33.3
26.06.2024 16:39:47;896;99.4;29.6;33.3
26.06.2024 16:39:48;896;99.4;29.6;33.3
26.06.2024 16:39:49;896;99.4;29.6;33.3
26.06.2024 16:39:50;896;99.4;29.6;33.4
26.06.2024 16:39:51;896;99.4;29.6;33.4
26.06.2024 16:39:52;896;99.4;29.6;33.4
26.06.2024 16:39:53;896;99.4;29.6;33.4
26.06.2024 16:39:54;896;99.4;29.6;33.5
26.06.2024 16:39:55;896;99.4;29.6;33.5
26.06.2024 16:39:56;896;99.4;29.6;33.5
26.06.2024 16:39:57;896;99.4;29.6;33.4
26.06.2024 16:39:58;896;99.4;29.6;33.4
26.06.2024 16:39:59;896;99.4;29.6;33.4
26.06.2024 16:40:00;896;99.4;29.6;33.3
26.06.2024 16:40:01;896;99.4;29.6;33.3
26.06.2024 16:40:02;896;99.4;29.6;33.3
26.06.2024 16:40:04;896;99.4;29.6;33.3
26.06.2024 16:40:05;896;99.4;29.6;33.3
26.06.2024 16:40:06;896;99.4;29.6;33.2
26.06.2024 16:40:07;896;99.4;29.6;33.2
26.06.2024 16:40:08;896;99.4;29.6;33.2
26.06.2024 16:40:09;896;99.4;29.6;33.2
26.06.2024 16:40:10;896;99.4;29.6;33.2
26.06.2024 16:40:11;896;99.4;29.6;33.2
26.06.2024 16:40:12;896;99.4;29.6;33.2
26.06.2024 16:40:13;896;99.4;29.6;33.2
26.06.2024 16:40:14;896;99.4;29.6;33.2
26.06.2024 16:40:15;896;99.4;29.6;33.2
26.06.2024 16:40:16;896;99.4;29.6;33.2
26.06.2024 16:40:17;896;99.4;29.6;33.2
26.06.2024 16:40:18;896;99.4;29.6;33.2
26.06.2024 16:40:19;896;99.4;29.6;33.2
26.06.2024 16:40:20;896;99.4;29.6;33.2
26.06.2024 16:40:21;896;99.4;29.6;33.2
26.06.2024 16:40:22;896;99.4;29.6;33.2
26.06.2024 16:40:23;896;99.4;29.6;33.2
26.06.2024 16:40:24;896;99.4;29.6;33.2
26.06.2024 16:40:25;896;99.4;29.6;33.2
26.06.2024 16:40:27;896;99.4;29.6;33.2
26.06.2024 16:40:28;896;99.4;29.6;33.3
26.06.2024 16:40:29;896;99.4;29.6;33.3
26.06.2024 16:40:30;896;99.4;29.6;33.3
26.06.2024 16:40:31;896;99.4;29.6;33.3
26.06.2024 16:40:32;896;99.4;29.6;33.3
26.06.2024 16:40:33;896;99.4;29.6;33.3
26.06.2024 16:40:34;896;99.4;29.6;33.3
26.06.2024 16:40:35;896;99.4;29.6;33.3
26.06.2024 16:40:36;896;99.4;29.6;33.3
26.06.2024 16:40:37;896;99.4;29.6;33.3
26.06.2024 16:40:38;896;99.4;29.6;33.3
26.06.2024 16:40:39;896;99.4;29.6;33.3
26.06.2024 16:40:40;896;99.4;29.6;33.3
26.06.2024 16:40:41;896;99.4;29.6;33.4
26.06.2024 16:40:42;896;99.4;29.6;33.3
26.06.2024 16:40:43;896;99.4;29.6;33.4
26.06.2024 16:40:44;896;99.4;29.6;33.4
26.06.2024 16:40:45;896;99.4;29.6;33.4
26.06.2024 16:40:46;896;99.4;29.6;33.4
26.06.2024 16:40:47;896;99.4;29.6;33.4
26.06.2024 16:40:48;896;99.4;29.6;33.4
26.06.2024 16:40:49;896;99.4;29.6;33.3
26.06.2024 16:40:50;896;99.4;29.6;33.4
26.06.2024 16:40:52;896;99.4;29.6;33.4
26.06.2024 16:40:53;896;99.4;29.6;33.4
26.06.2024 16:40:54;896;99.4;29.6;33.4
26.06.2024 16:40:55;896;99.4;29.6;33.4
26.06.2024 16:40:56;896;99.4;29.6;33.5
26.06.2024 16:40:57;896;99.4;29.6;33.5
26.06.2024 16:40:58;896;99.4;29.6;33.5
26.06.2024 16:40:59;896;99.4;29.6;33.6
26.06.2024 16:41:00;896;99.4;29.6;33.6
26.06.2024 16:41:01;896;99.4;29.6;33.7
26.06.2024 16:41:02;896;99.4;29.6;33.7
26.06.2024 16:41:03;896;99.4;29.5;33.7
26.06.2024 16:41:04;896;99.4;29.6;33.7
26.06.2024 16:41:05;896;99.4;29.6;33.7
26.06.2024 16:41:06;896;99.4;29.5;33.7
26.06.2024 16:41:07;896;99.4;29.5;33.7
26.06.2024 16:41:08;896;99.4;29.5;33.7
26.06.2024 16:41:09;896;99.4;29.5;33.7
26.06.2024 16:41:10;896;99.4;29.5;33.8
26.06.2024 16:41:11;896;99.4;29.5;33.8
26.06.2024 16:41:12;896;99.4;29.5;33.8
26.06.2024 16:41:13;896;99.4;29.5;33.7
26.06.2024 16:41:14;896;99.4;29.5;33.7
26.06.2024 16:41:15;896;99.4;29.5;33.7
26.06.2024 16:41:17;896;99.4;29.5;33.7
26.06.2024 16:41:18;896;99.4;29.5;33.7
26.06.2024 16:41:19;896;99.4;29.5;33.7
26.06.2024 16:41:20;896;99.4;29.5;33.7
26.06.2024 16:41:21;896;99.4;29.5;33.7
26.06.2024 16:41:22;896;99.4;29.5;33.7
26.06.2024 16:41:23;896;99.4;29.5;33.7
26.06.2024 16:41:24;896;99.4;29.5;33.7
26.06.2024 16:41:25;896;99.4;29.5;33.7
26.06.2024 16:41:26;896;99.4;29.5;33.7
26.06.2024 16:41:27;896;99.4;29.4;33.7
26.06.2024 16:41:28;896;99.4;29.4;33.8
26.06.2024 16:41:29;896;99.4;29.4;33.8
26.06.2024 16:41:30;896;99.4;29.4;33.8
26.06.2024 16:41:31;896;99.4;29.4;33.9
26.06.2024 16:41:32;896;99.4;29.4;33.9
26.06.2024 16:41:33;896;99.4;29.4;33.9
26.06.2024 16:41:34;896;99.4;29.4;33.9
26.06.2024 16:41:35;896;99.4;29.4;33.9
26.06.2024 16:41:36;896;99.4;29.4;33.8
26.06.2024 16:41:37;896;99.4;29.4;33.8
26.06.2024 16:41:38;896;99.4;29.4;33.8
26.06.2024 16:41:39;896;99.4;29.4;33.8
26.06.2024 16:41:41;896;99.4;29.4;33.8
26.06.2024 16:41:42;896;99.4;29.4;33.8
26.06.2024 16:41:43;896;99.4;29.4;33.8
26.06.2024 16:41:44;896;99.4;29.4;33.8
26.06.2024 16:41:45;896;99.4;29.4;33.8
26.06.2024 16:41:46;896;99.4;29.3;33.8
26.06.2024 16:41:47;896;99.4;29.3;33.8
26.06.2024 16:41:48;896;99.4;29.3;33.8
26.06.2024 16:41:49;896;99.4;29.3;33.8
26.06.2024 16:41:50;896;99.4;29.3;33.8
26.06.2024 16:41:51;896;99.4;29.3;33.8
26.06.2024 16:41:52;896;99.4;29.3;33.8
26.06.2024 16:41:53;896;99.4;29.3;33.9
26.06.2024 16:41:54;896;99.4;29.3;33.9
26.06.2024 16:41:55;896;99.4;29.4;33.9
26.06.2024 16:41:56;896;99.4;29.4;33.9
26.06.2024 16:41:57;896;99.4;29.4;33.9
26.06.2024 16:41:58;896;99.4;29.4;33.9
26.06.2024 16:41:59;896;99.4;29.4;33.9
26.06.2024 16:42:00;896;99.4;29.4;33.8
26.06.2024 16:42:01;896;99.4;29.4;33.9
26.06.2024 16:42:02;896;99.4;29.4;33.8
26.06.2024 16:42:03;896;99.4;29.4;33.8
26.06.2024 16:42:04;896;99.4;29.4;33.8
26.06.2024 16:42:06;896;99.4;29.4;33.8
26.06.2024 16:42:07;896;99.4;29.3;33.8
26.06.2024 16:42:08;896;99.4;29.4;33.8
26.06.2024 16:42:09;896;99.4;29.3;33.8
26.06.2024 16:42:10;896;99.4;29.3;33.8
26.06.2024 16:42:11;896;99.4;29.3;33.8
26.06.2024 16:42:12;896;99.4;29.3;33.8
26.06.2024 16:42:13;896;99.4;29.3;33.8
26.06.2024 16:42:14;896;99.4;29.3;33.8
26.06.2024 16:42:15;896;99.4;29.3;33.8
26.06.2024 16:42:16;896;99.4;29.3;33.8
26.06.2024 16:42:17;896;99.4;29.3;33.8
26.06.2024 16:42:18;896;99.4;29.3;33.8
26.06.2024 16:42:19;896;99.4;29.3;33.8
26.06.2024 16:42:20;896;99.4;29.3;33.8
26.06.2024 16:42:21;896;99.4;29.3;33.8
26.06.2024 16:42:22;896;99.4;29.3;33.8
26.06.2024 16:42:23;896;99.4;29.3;33.8
26.06.2024 16:42:24;896;99.4;29.3;33.9
26.06.2024 16:42:25;896;99.4;29.3;33.9
26.06.2024 16:42:26;896;99.4;29.3;33.9
26.06.2024 16:42:27;896;99.4;29.3;33.9
26.06.2024 16:42:28;896;99.4;29.3;33.9
26.06.2024 16:42:30;896;99.4;29.3;33.9
26.06.2024 16:42:31;896;99.4;29.3;33.9
26.06.2024 16:42:32;896;99.4;29.3;33.9
26.06.2024 16:42:33;896;99.4;29.3;33.9
26.06.2024 16:42:34;896;99.4;29.3;34.0
26.06.2024 16:42:35;896;99.4;29.3;34.0
26.06.2024 16:42:36;896;99.4;29.3;34.0
26.06.2024 16:42:37;896;99.4;29.3;34.0
26.06.2024 16:42:38;896;99.4;29.3;34.0
26.06.2024 16:42:39;896;99.4;29.3;34.0
26.06.2024 16:42:40;896;99.4;29.3;34.0
26.06.2024 16:42:41;896;99.4;29.3;34.0
26.06.2024 16:42:42;896;99.4;29.3;34.0
26.06.2024 16:42:43;896;99.4;29.3;34.0
26.06.2024 16:42:44;896;99.4;29.3;33.9
26.06.2024 16:42:45;896;99.4;29.3;33.9
26.06.2024 16:42:46;896;99.4;29.3;33.9
26.06.2024 16:42:47;896;99.4;29.2;33.9
26.06.2024 16:42:48;896;99.4;29.2;33.9
26.06.2024 16:42:49;896;99.4;29.3;33.9
26.06.2024 16:42:50;896;99.4;29.3;34.0
26.06.2024 16:42:51;896;99.4;29.2;34.0
26.06.2024 16:42:52;896;99.4;29.2;34.0
26.06.2024 16:42:53;896;99.4;29.2;34.0
26.06.2024 16:42:54;896;99.4;29.2;34.0
26.06.2024 16:42:56;896;99.4;29.2;34.0
26.06.2024 16:42:57;896;99.5;29.2;34.1
26.06.2024 16:42:58;896;99.4;29.2;34.1
26.06.2024 16:42:59;896;99.4;29.2;34.1
26.06.2024 16:43:00;896;99.4;29.2;34.0
26.06.2024 16:43:01;896;99.4;29.2;34.1
26.06.2024 16:43:02;896;99.4;29.2;34.1
26.06.2024 16:43:03;896;99.4;29.2;34.1
26.06.2024 16:43:04;896;99.4;29.2;34.1
26.06.2024 16:43:05;896;99.4;29.2;34.1
26.06.2024 16:43:06;896;99.4;29.2;34.1
26.06.2024 16:43:07;896;99.4;29.2;34.1
26.06.2024 16:43:08;896;99.4;29.2;34.1
26.06.2024 16:43:09;896;99.4;29.2;34.1
26.06.2024 16:43:10;896;99.4;29.2;34.1
26.06.2024 16:43:11;896;99.4;29.2;34.1
26.06.2024 16:43:12;896;99.4;29.2;34.2
26.06.2024 16:43:13;896;99.4;29.2;34.2
26.06.2024 16:43:14;896;99.4;29.2;34.2
26.06.2024 16:43:15;896;99.4;29.2;34.2
26.06.2024 16:43:16;896;99.4;29.2;34.2
26.06.2024 16:43:17;896;99.4;29.2;34.2
26.06.2024 16:43:18;896;99.4;29.2;34.2
26.06.2024 16:43:20;896;99.4;29.2;34.2
26.06.2024 16:43:21;896;99.4;29.2;34.2
26.06.2024 16:43:22;896;99.4;29.3;34.2
26.06.2024 16:43:23;896;99.4;29.2;34.2
26.06.2024 16:43:24;896;99.4;29.3;34.2
26.06.2024 16:43:25;896;99.4;29.3;34.2
26.06.2024 16:43:26;896;99.4;29.3;34.2
26.06.2024 16:43:27;896;99.4;29.3;34.2
26.06.2024 16:43:28;896;99.4;29.3;34.2
26.06.2024 16:43:29;896;99.4;29.3;34.2
26.06.2024 16:43:30;896;99.4;29.3;34.2
26.06.2024 16:43:31;896;99.4;29.3;34.2
26.06.2024 16:43:32;896;99.4;29.3;34.2
26.06.2024 16:43:33;896;99.4;29.3;34.2
26.06.2024 16:43:34;896;99.4;29.3;34.2
26.06.2024 16:43:35;896;99.4;29.2;34.2
26.06.2024 16:43:36;896;99.4;29.3;34.1
26.06.2024 16:43:37;896;99.4;29.3;34.2
26.06.2024 16:43:38;896;99.4;29.3;34.1
26.06.2024 16:43:39;896;99.4;29.3;34.2
26.06.2024 16:43:40;896;99.4;29.3;34.1
26.06.2024 16:43:41;896;99.4;29.3;34.2
26.06.2024 16:43:42;896;99.4;29.3;34.1
26.06.2024 16:43:43;896;99.5;29.3;34.1
26.06.2024 16:43:45;896;99.4;29.2;34.2
26.06.2024 16:43:46;896;99.4;29.2;34.2
26.06.2024 16:43:47;896;99.4;29.2;34.2
26.06.2024 16:43:48;896;99.4;29.2;34.2
26.06.2024 16:43:49;896;99.4;29.2;34.2
26.06.2024 16:43:50;896;99.4;29.3;34.2
26.06.2024 16:43:51;896;99.4;29.3;34.2
26.06.2024 16:43:52;896;99.4;29.3;34.2
26.06.2024 16:43:53;896;99.4;29.3;34.2
26.06.2024 16:43:54;896;99.4;29.3;34.3
26.06.2024 16:43:55;896;99.4;29.3;34.3
26.06.2024 16:43:56;896;99.4;29.2;34.3
26.06.2024 16:43:57;896;99.4;29.2;34.3
26.06.2024 16:43:58;896;99.4;29.2;34.3
26.06.2024 16:43:59;896;99.4;29.2;34.3
26.06.2024 16:44:00;896;99.4;29.2;34.3
26.06.2024 16:44:01;896;99.4;29.2;34.3
26.06.2024 16:44:02;896;99.4;29.2;34.4
26.06.2024 16:44:03;896;99.4;29.2;34.5
26.06.2024 16:44:04;896;99.4;29.2;34.6
26.06.2024 16:44:05;896;99.4;29.2;34.7
26.06.2024 16:44:06;896;99.4;29.2;34.6
26.06.2024 16:44:07;896;99.4;29.2;34.6
26.06.2024 16:44:08;896;99.4;29.2;34.7
26.06.2024 16:44:09;896;99.4;29.2;34.6
26.06.2024 16:44:10;896;99.4;29.2;34.7
26.06.2024 16:44:12;896;99.4;29.2;34.7
26.06.2024 16:44:13;896;99.4;29.2;34.6
26.06.2024 16:44:14;896;99.4;29.2;34.6
26.06.2024 16:44:15;896;99.4;29.2;34.6
26.06.2024 16:44:16;896;99.4;29.2;34.6
26.06.2024 16:44:17;896;99.4;29.2;34.6
26.06.2024 16:44:18;896;99.4;29.2;34.6
26.06.2024 16:44:19;896;99.4;29.2;34.6
26.06.2024 16:44:20;896;99.4;29.2;34.6
26.06.2024 16:44:21;896;99.4;29.2;34.6
26.06.2024 16:44:22;896;99.4;29.2;34.5
26.06.2024 16:44:23;896;99.4;29.2;34.5
26.06.2024 16:44:24;896;99.4;29.2;34.6
26.06.2024 16:44:25;896;99.4;29.0;34.5
26.06.2024 16:44:26;896;99.4;29.0;34.4
26.06.2024 16:44:27;896;99.4;29.0;34.4
26.06.2024 16:44:28;896;99.4;29.0;34.5
26.06.2024 16:44:29;896;99.4;29.0;34.5
26.06.2024 16:44:30;896;99.4;29.0;34.7
26.06.2024 16:44:31;896;99.4;29.0;34.8
26.06.2024 16:44:32;896;99.4;29.0;34.8
26.06.2024 16:44:33;896;99.4;29.0;34.8
26.06.2024 16:44:34;896;99.4;29.0;34.8
26.06.2024 16:44:36;896;99.4;29.0;34.7
26.06.2024 16:44:37;896;99.4;29.0;34.7
26.06.2024 16:44:38;896;99.4;29.0;34.7
26.06.2024 16:44:39;896;99.4;29.0;34.7
26.06.2024 16:44:40;896;99.4;29.0;34.7
26.06.2024 16:44:41;896;99.4;29.0;34.7
26.06.2024 16:44:42;896;99.4;29.0;34.6
26.06.2024 16:44:43;896;99.4;29.0;34.6
26.06.2024 16:44:44;896;99.4;29.0;34.6
26.06.2024 16:44:45;896;99.4;29.0;34.6
26.06.2024 16:44:46;896;99.4;29.0;34.6
26.06.2024 16:44:47;896;99.4;29.0;34.6
26.06.2024 16:44:48;896;99.4;29.0;34.6
26.06.2024 16:44:49;896;99.4;29.0;34.6
26.06.2024 16:44:50;896;99.4;29.0;34.6
26.06.2024 16:44:51;896;99.4;29.0;34.6
26.06.2024 16:44:52;896;99.4;29.0;34.6
26.06.2024 16:44:53;896;99.4;29.0;34.6
26.06.2024 16:44:54;896;99.4;29.0;34.6
26.06.2024 16:44:55;896;99.4;29.0;34.6
26.06.2024 16:44:56;896;99.4;29.0;34.6
26.06.2024 16:44:57;896;99.4;29.0;34.6
26.06.2024 16:44:58;896;99.4;29.0;34.6
26.06.2024 16:44:59;896;99.4;29.0;34.6
26.06.2024 16:45:01;896;99.4;29.0;34.6
26.06.2024 16:45:02;896;99.4;29.0;34.6
26.06.2024 16:45:03;896;99.4;29.0;34.6
26.06.2024 16:45:04;896;99.4;29.0;34.6
26.06.2024 16:45:05;896;99.4;29.0;34.6
26.06.2024 16:45:06;896;99.4;29.0;34.6
26.06.2024 16:45:07;896;99.4;28.9;34.5
26.06.2024 16:45:08;896;99.4;29.0;34.5
26.06.2024 16:45:09;896;99.4;28.9;34.5
26.06.2024 16:45:10;896;99.4;29.0;34.5
26.06.2024 16:45:11;896;99.4;29.0;34.7
26.06.2024 16:45:12;896;99.4;28.9;34.8
26.06.2024 16:45:13;896;99.4;29.0;34.8
26.06.2024 16:45:14;896;99.4;29.0;34.8
26.06.2024 16:45:15;896;99.4;29.0;35.0
26.06.2024 16:45:16;896;99.4;28.9;35.3
26.06.2024 16:45:17;896;99.4;28.9;35.4
26.06.2024 16:45:18;896;99.4;28.9;35.3
26.06.2024 16:45:19;896;99.4;29.0;35.5
26.06.2024 16:45:20;896;99.4;28.9;35.7
26.06.2024 16:45:21;896;99.4;28.9;35.7
26.06.2024 16:45:22;896;99.4;28.9;35.8
26.06.2024 16:45:24;896;99.4;28.9;35.9
26.06.2024 16:45:25;896;99.5;28.9;35.9
26.06.2024 16:45:26;896;99.4;28.9;36.0
26.06.2024 16:45:27;896;99.4;28.9;36.3
26.06.2024 16:45:28;896;99.4;28.9;36.4
26.06.2024 16:45:29;896;99.4;28.9;36.5
26.06.2024 16:45:30;896;99.4;28.9;36.5
26.06.2024 16:45:31;896;99.4;28.9;36.5
26.06.2024 16:45:32;896;99.4;28.9;36.5
26.06.2024 16:45:33;896;99.4;28.9;36.6
26.06.2024 16:45:34;896;99.4;28.9;36.8
26.06.2024 16:45:35;896;99.4;28.9;36.7
26.06.2024 16:45:36;896;99.4;28.9;36.6
26.06.2024 16:45:37;896;99.4;28.9;36.5
26.06.2024 16:45:38;896;99.4;28.9;36.6
26.06.2024 16:45:39;896;99.4;28.9;36.7
26.06.2024 16:45:40;896;99.4;28.9;37.0
26.06.2024 16:45:41;896;99.4;28.9;37.0
26.06.2024 16:45:42;896;99.4;28.9;36.7
26.06.2024 16:45:43;896;99.4;28.9;36.4
26.06.2024 16:45:44;896;99.4;28.9;36.2
26.06.2024 16:45:45;896;99.4;28.9;36.1
26.06.2024 16:45:47;896;99.4;28.9;36.0
26.06.2024 16:45:48;896;99.4;28.9;36.0
26.06.2024 16:45:49;896;99.4;28.9;36.0
26.06.2024 16:45:50;896;99.4;28.9;35.9
26.06.2024 16:45:51;896;99.4;28.9;35.8
26.06.2024 16:45:52;896;99.4;28.9;35.6
26.06.2024 16:45:53;896;99.4;28.9;35.4
26.06.2024 16:45:54;896;99.4;28.9;35.3
26.06.2024 16:45:55;896;99.4;29.0;35.5
26.06.2024 16:45:56;896;99.4;29.0;35.8
26.06.2024 16:45:57;896;99.4;29.0;36.1
26.06.2024 16:45:58;896;99.4;29.0;36.3
26.06.2024 16:45:59;896;99.4;29.0;36.5
26.06.2024 16:46:00;896;99.4;29.0;36.5
26.06.2024 16:46:01;896;99.4;29.0;36.5
26.06.2024 16:46:02;896;99.4;29.0;36.5
26.06.2024 16:46:03;896;99.4;29.0;36.4
26.06.2024 16:46:04;896;99.4;29.0;36.2
26.06.2024 16:46:05;896;99.4;28.9;35.9
26.06.2024 16:46:06;896;99.4;28.9;35.7
26.06.2024 16:46:07;896;99.4;28.9;35.6
26.06.2024 16:46:08;896;99.4;28.9;35.7
26.06.2024 16:46:09;896;99.4;28.9;35.6
26.06.2024 16:46:10;896;99.4;29.0;35.5
26.06.2024 16:46:12;896;99.4;29.0;35.7
26.06.2024 16:46:13;896;99.4;28.9;35.7
26.06.2024 16:46:14;896;99.4;29.0;35.7
26.06.2024 16:46:15;896;99.4;29.0;35.8
26.06.2024 16:46:16;896;99.4;29.0;35.8
26.06.2024 16:46:17;896;99.4;29.0;36.0
26.06.2024 16:46:18;896;99.5;29.0;36.1
26.06.2024 16:46:19;896;99.4;28.9;36.0
26.06.2024 16:46:20;896;99.4;29.0;35.9
26.06.2024 16:46:21;896;99.4;29.0;36.0
26.06.2024 16:46:22;896;99.4;29.0;36.0
26.06.2024 16:46:23;896;99.4;29.0;35.9
26.06.2024 16:46:24;896;99.4;29.0;36.1
26.06.2024 16:46:25;896;99.4;29.0;36.0
26.06.2024 16:46:26;896;99.4;29.0;35.8
26.06.2024 16:46:27;896;99.4;29.0;35.6
26.06.2024 16:46:28;896;99.4;29.0;35.5
26.06.2024 16:46:29;896;99.4;29.0;35.3
26.06.2024 16:46:30;896;99.4;29.0;35.2
26.06.2024 16:46:31;896;99.4;29.0;35.1
26.06.2024 16:46:32;896;99.4;29.0;35.0
26.06.2024 16:46:33;896;99.4;29.0;35.1
26.06.2024 16:46:34;896;99.4;29.0;35.3
26.06.2024 16:46:36;896;99.4;29.0;35.4
26.06.2024 16:46:37;896;99.4;29.0;35.3
26.06.2024 16:46:38;896;99.4;29.0;35.2
26.06.2024 16:46:39;896;99.4;29.0;35.1
26.06.2024 16:46:40;896;99.4;29.0;35.1
26.06.2024 16:46:41;896;99.4;29.0;35.0
26.06.2024 16:46:42;896;99.4;29.0;35.0
26.06.2024 16:46:43;896;99.4;29.0;34.9
26.06.2024 16:46:44;896;99.4;29.0;34.9
26.06.2024 16:46:45;896;99.4;29.0;34.9
26.06.2024 16:46:46;896;99.4;29.0;34.9
26.06.2024 16:46:47;896;99.4;29.0;34.8
26.06.2024 16:46:48;896;99.4;29.0;34.8
26.06.2024 16:46:49;896;99.4;29.0;34.8
26.06.2024 16:46:50;896;99.4;29.0;34.7
26.06.2024 16:46:51;896;99.4;29.0;34.7
26.06.2024 16:46:52;896;99.4;29.0;34.7
26.06.2024 16:46:53;896;99.4;29.0;34.7
26.06.2024 16:46:54;896;99.4;29.0;34.8
26.06.2024 16:46:55;896;99.4;29.0;35.1
26.06.2024 16:46:56;896;99.4;29.0;35.4
26.06.2024 16:46:57;896;99.4;29.0;35.5
26.06.2024 16:46:58;896;99.4;29.0;35.6
26.06.2024 16:46:59;896;99.4;29.0;35.7
26.06.2024 16:47:01;896;99.4;29.0;36.0
26.06.2024 16:47:02;896;99.4;29.0;36.4
26.06.2024 16:47:03;896;99.4;29.0;36.6
26.06.2024 16:47:04;896;99.4;29.0;36.6
26.06.2024 16:47:05;896;99.4;29.0;36.4
26.06.2024 16:47:06;896;99.4;29.0;36.4
26.06.2024 16:47:07;896;99.4;29.0;36.3
26.06.2024 16:47:08;896;99.4;29.0;36.1
26.06.2024 16:47:09;896;99.4;29.0;35.9
26.06.2024 16:47:10;896;99.4;29.0;35.6
26.06.2024 16:47:11;896;99.4;29.0;35.5
26.06.2024 16:47:12;896;99.4;29.0;35.6
26.06.2024 16:47:13;896;99.4;29.0;35.5
26.06.2024 16:47:14;896;99.4;29.0;35.4
26.06.2024 16:47:15;896;99.4;29.0;35.4
26.06.2024 16:47:16;896;99.4;29.0;35.4
26.06.2024 16:47:17;896;99.4;29.0;35.7
26.06.2024 16:47:18;896;99.4;29.0;35.8
26.06.2024 16:47:19;896;99.4;29.0;35.9
26.06.2024 16:47:20;896;99.4;29.0;36.0
26.06.2024 16:47:21;896;99.4;29.0;36.1
26.06.2024 16:47:22;896;99.4;29.0;36.1
26.06.2024 16:47:23;896;99.4;29.0;36.3
26.06.2024 16:47:24;896;99.4;29.0;36.5
26.06.2024 16:47:25;896;99.4;29.0;36.5
26.06.2024 16:47:26;896;99.4;29.0;36.4
26.06.2024 16:47:28;896;99.4;29.0;36.3
26.06.2024 16:47:29;896;99.4;29.0;36.1
26.06.2024 16:47:30;896;99.4;29.0;36.0
26.06.2024 16:47:31;896;99.4;29.0;36.1
26.06.2024 16:47:32;896;99.4;29.0;36.2
26.06.2024 16:47:33;896;99.4;29.0;36.5
26.06.2024 16:47:34;896;99.4;29.0;36.8
26.06.2024 16:47:35;896;99.4;29.0;37.0
26.06.2024 16:47:36;896;99.4;29.0;37.3
26.06.2024 16:47:37;896;99.4;29.0;37.3
26.06.2024 16:47:38;896;99.4;29.0;37.1
26.06.2024 16:47:39;896;99.4;29.0;37.2
26.06.2024 16:47:40;896;99.4;29.0;37.1
26.06.2024 16:47:41;896;99.4;29.0;37.0
26.06.2024 16:47:42;896;99.4;29.0;36.8
26.06.2024 16:47:43;896;99.4;29.0;36.8
26.06.2024 16:47:44;896;99.4;29.1;36.8
26.06.2024 16:47:45;896;99.4;29.1;36.7
26.06.2024 16:47:46;896;99.4;29.1;36.6
26.06.2024 16:47:47;896;99.4;29.1;36.3
26.06.2024 16:47:48;896;99.4;29.1;36.1
26.06.2024 16:47:49;896;99.4;29.1;35.9
26.06.2024 16:47:51;896;99.4;29.1;35.7
26.06.2024 16:47:52;896;99.4;29.1;36.0
26.06.2024 16:47:53;896;99.4;29.1;36.5
26.06.2024 16:47:54;896;99.4;29.1;36.8
26.06.2024 16:47:55;896;99.4;29.1;36.8
26.06.2024 16:47:56;896;99.4;29.1;36.6
26.06.2024 16:47:57;896;99.4;29.1;36.4
26.06.2024 16:47:58;896;99.4;29.1;36.3
26.06.2024 16:47:59;896;99.4;29.1;36.1
26.06.2024 16:48:00;896;99.4;29.1;35.9
26.06.2024 16:48:01;896;99.4;29.1;35.8
26.06.2024 16:48:02;896;99.4;29.1;35.6
26.06.2024 16:48:03;896;99.4;29.1;35.4
26.06.2024 16:48:04;896;99.4;29.1;35.3
26.06.2024 16:48:05;896;99.4;29.1;35.1
26.06.2024 16:48:06;896;99.4;29.1;35.0
26.06.2024 16:48:07;896;99.4;29.1;34.9
26.06.2024 16:48:08;896;99.4;29.1;34.8
26.06.2024 16:48:09;896;99.4;29.1;34.8
26.06.2024 16:48:10;896;99.4;29.1;34.7
26.06.2024 16:48:11;896;99.4;29.1;34.7
26.06.2024 16:48:12;896;99.4;29.1;34.6
26.06.2024 16:48:13;896;99.4;29.1;34.6
26.06.2024 16:48:15;896;99.4;29.1;34.5
26.06.2024 16:48:16;896;99.4;29.1;34.5
26.06.2024 16:48:17;896;99.4;29.1;34.5
26.06.2024 16:48:18;896;99.4;29.1;34.6
26.06.2024 16:48:19;896;99.4;29.1;35.0
26.06.2024 16:48:20;896;99.4;29.1;35.4
26.06.2024 16:48:21;896;99.4;29.1;35.7
26.06.2024 16:48:22;896;99.4;29.1;35.7
26.06.2024 16:48:23;896;99.4;29.1;35.6
26.06.2024 16:48:24;896;99.4;29.1;35.5
26.06.2024 16:48:25;896;99.4;29.1;35.4
26.06.2024 16:48:26;896;99.4;29.1;35.3
26.06.2024 16:48:27;896;99.4;29.2;35.2
26.06.2024 16:48:28;896;99.4;29.2;35.0
26.06.2024 16:48:29;896;99.4;29.1;35.0
26.06.2024 16:48:30;896;99.4;29.2;34.9
26.06.2024 16:48:31;896;99.4;29.2;34.8
26.06.2024 16:48:32;896;99.4;29.2;34.7
26.06.2024 16:48:33;896;99.4;29.2;34.7
26.06.2024 16:48:34;896;99.4;29.2;34.6
26.06.2024 16:48:35;896;99.4;29.2;34.6
26.06.2024 16:48:36;896;99.4;29.2;34.5
26.06.2024 16:48:37;896;99.4;29.2;34.5
26.06.2024 16:48:38;896;99.4;29.2;34.5
26.06.2024 16:48:39;896;99.4;29.2;34.6
26.06.2024 16:48:41;896;99.4;29.2;34.9
26.06.2024 16:48:42;896;99.4;29.2;35.2
26.06.2024 16:48:43;896;99.4;29.2;35.3
26.06.2024 16:48:44;896;99.4;29.2;35.2
26.06.2024 16:48:45;896;99.4;29.2;35.3
26.06.2024 16:48:46;896;99.4;29.2;35.6
26.06.2024 16:48:47;896;99.4;29.2;35.7
26.06.2024 16:48:48;896;99.4;29.2;35.7
26.06.2024 16:48:49;896;99.4;29.2;35.6
26.06.2024 16:48:50;896;99.4;29.2;35.6
26.06.2024 16:48:51;896;99.4;29.2;35.5
26.06.2024 16:48:52;896;99.4;29.2;35.5
26.06.2024 16:48:53;896;99.4;29.2;35.3
26.06.2024 16:48:54;896;99.4;29.2;35.1
26.06.2024 16:48:55;896;99.4;29.2;35.1
26.06.2024 16:48:56;896;99.4;29.2;35.0
26.06.2024 16:48:57;896;99.4;29.2;35.0
26.06.2024 16:48:58;896;99.4;29.2;34.9
26.06.2024 16:48:59;896;99.4;29.2;34.8
26.06.2024 16:49:00;896;99.4;29.2;34.8
26.06.2024 16:49:01;896;99.4;29.2;34.8
26.06.2024 16:49:02;896;99.4;29.2;34.7
26.06.2024 16:49:03;896;99.4;29.3;34.7
26.06.2024 16:49:04;896;99.4;29.2;35.0
26.06.2024 16:49:06;896;99.4;29.2;35.3
26.06.2024 16:49:07;896;99.4;29.2;35.4
26.06.2024 16:49:08;896;99.4;29.3;35.4
26.06.2024 16:49:09;896;99.4;29.2;35.3
26.06.2024 16:49:10;896;99.4;29.3;35.2
26.06.2024 16:49:11;896;99.4;29.3;35.1
26.06.2024 16:49:12;896;99.4;29.3;35.0
26.06.2024 16:49:13;896;99.4;29.3;35.0
26.06.2024 16:49:14;896;99.4;29.3;34.9
26.06.2024 16:49:15;896;99.4;29.3;34.9
26.06.2024 16:49:16;896;99.4;29.3;34.8
26.06.2024 16:49:17;896;99.4;29.3;34.7
26.06.2024 16:49:18;896;99.4;29.3;34.6
26.06.2024 16:49:19;896;99.4;29.3;34.6
26.06.2024 16:49:20;896;99.5;29.3;34.5
26.06.2024 16:49:21;896;99.4;29.3;34.4
26.06.2024 16:49:22;896;99.4;29.3;34.4
26.06.2024 16:49:23;896;99.4;29.3;34.3
26.06.2024 16:49:24;896;99.4;29.3;34.3
26.06.2024 16:49:25;896;99.4;29.3;34.3
26.06.2024 16:49:26;896;99.4;29.3;34.3
26.06.2024 16:49:27;896;99.4;29.3;34.3
26.06.2024 16:49:28;896;99.4;29.3;34.2
26.06.2024 16:49:29;896;99.4;29.3;34.2
26.06.2024 16:49:31;896;99.4;29.3;34.2
26.06.2024 16:49:32;896;99.4;29.3;34.2
26.06.2024 16:49:33;896;99.4;29.3;34.5
26.06.2024 16:49:34;896;99.4;29.3;35.2
26.06.2024 16:49:35;896;99.4;29.3;35.5
26.06.2024 16:49:36;896;99.5;29.3;35.7
26.06.2024 16:49:37;896;99.4;29.3;35.7
26.06.2024 16:49:38;896;99.4;29.3;35.6
26.06.2024 16:49:39;896;99.4;29.3;35.6
26.06.2024 16:49:40;896;99.4;29.3;35.4
26.06.2024 16:49:41;896;99.4;29.3;35.3
26.06.2024 16:49:42;896;99.4;29.3;35.1
26.06.2024 16:49:43;896;99.4;29.3;35.0
26.06.2024 16:49:44;896;99.4;29.3;35.0
26.06.2024 16:49:45;896;99.4;29.3;34.9
26.06.2024 16:49:46;896;99.4;29.3;34.9
26.06.2024 16:49:47;896;99.5;29.3;35.3
26.06.2024 16:49:48;896;99.4;29.3;35.5
26.06.2024 16:49:49;896;99.4;29.3;35.5
26.06.2024 16:49:50;896;99.4;29.3;35.7
26.06.2024 16:49:51;896;99.4;29.3;36.0
26.06.2024 16:49:53;896;99.4;29.3;36.3
26.06.2024 16:49:54;896;99.4;29.3;36.7
26.06.2024 16:49:55;896;99.4;29.3;36.9
26.06.2024 16:49:56;896;99.4;29.3;36.9
26.06.2024 16:49:57;896;99.4;29.3;37.1
26.06.2024 16:49:58;896;99.4;29.3;37.2
26.06.2024 16:49:59;896;99.5;29.3;37.3
26.06.2024 16:50:00;896;99.5;29.3;37.2
26.06.2024 16:50:01;896;99.5;29.3;36.9
26.06.2024 16:50:02;896;99.4;29.3;36.5
26.06.2024 16:50:03;896;99.4;29.3;36.1
26.06.2024 16:50:04;896;99.5;29.3;35.8
26.06.2024 16:50:05;896;99.4;29.3;35.6
26.06.2024 16:50:06;896;99.5;29.3;35.4
26.06.2024 16:50:07;896;99.4;29.3;35.2
26.06.2024 16:50:08;896;99.4;29.3;35.1
